{
  "version": "5",
  "dialect": "mysql",
  "id": "065e5627-7810-4927-909c-218f59d8bd35",
  "prevId": "00000000-0000-0000-0000-000000000000",
  "tables": {
    "addresses": {
      "name": "addresses",
      "columns": {
        "id": {
          "name": "id",
          "type": "int",
          "primaryKey": false,
          "notNull": true,
          "autoincrement": true
        },
        "customer_id": {
          "name": "customer_id",
          "type": "varchar(36)",
          "primaryKey": false,
          "notNull": true,
          "autoincrement": false
        },
        "address": {
          "name": "address",
          "type": "varchar(256)",
          "primaryKey": false,
          "notNull": true,
          "autoincrement": false
        }
      },
      "indexes": {
        "customer_id_idx": {
          "name": "customer_id_idx",
          "columns": [
            "customer_id"
          ],
          "isUnique": false
        }
      },
      "foreignKeys": {
        "addresses_customer_id_customers_id_fk": {
          "name": "addresses_customer_id_customers_id_fk",
          "tableFrom": "addresses",
          "tableTo": "customers",
          "columnsFrom": [
            "customer_id"
          ],
          "columnsTo": [
            "id"
          ],
          "onDelete": "no action",
          "onUpdate": "no action"
        }
      },
      "compositePrimaryKeys": {
        "addresses_id": {
          "name": "addresses_id",
          "columns": [
            "id"
          ]
        }
      },
      "uniqueConstraints": {}
    },
    "customers": {
      "name": "customers",
      "columns": {
        "id": {
          "name": "id",
          "type": "varchar(36)",
          "primaryKey": false,
          "notNull": true,
          "autoincrement": false
        },
        "created_at": {
          "name": "created_at",
          "type": "date",
          "primaryKey": false,
          "notNull": false,
          "autoincrement": false
        },
        "identity_number": {
          "name": "identity_number",
          "type": "varchar(8)",
          "primaryKey": false,
          "notNull": true,
          "autoincrement": false
        },
        "first_name": {
          "name": "first_name",
          "type": "varchar(256)",
          "primaryKey": false,
          "notNull": true,
          "autoincrement": false
        },
        "last_name": {
          "name": "last_name",
          "type": "varchar(256)",
          "primaryKey": false,
          "notNull": true,
          "autoincrement": false
        },
        "gender": {
          "name": "gender",
          "type": "varchar(6)",
          "primaryKey": false,
          "notNull": true,
          "autoincrement": false
        },
        "birth_date": {
          "name": "birth_date",
          "type": "date",
          "primaryKey": false,
          "notNull": true,
          "autoincrement": false
        }
      },
      "indexes": {
        "identity_number_idx": {
          "name": "identity_number_idx",
          "columns": [
            "identity_number"
          ],
          "isUnique": false
        }
      },
      "foreignKeys": {},
      "compositePrimaryKeys": {
        "customers_id": {
          "name": "customers_id",
          "columns": [
            "id"
          ]
        }
      },
      "uniqueConstraints": {
        "customers_identity_number_unique": {
          "name": "customers_identity_number_unique",
          "columns": [
            "identity_number"
          ]
        }
      }
    },
    "phone_numbers": {
      "name": "phone_numbers",
      "columns": {
        "id": {
          "name": "id",
          "type": "int",
          "primaryKey": false,
          "notNull": true,
          "autoincrement": true
        },
        "customer_id": {
          "name": "customer_id",
          "type": "varchar(36)",
          "primaryKey": false,
          "notNull": true,
          "autoincrement": false
        },
        "phone_number": {
          "name": "phone_number",
          "type": "varchar(15)",
          "primaryKey": false,
          "notNull": true,
          "autoincrement": false
        }
      },
      "indexes": {
        "customer_id_idx": {
          "name": "customer_id_idx",
          "columns": [
            "customer_id"
          ],
          "isUnique": false
        }
      },
      "foreignKeys": {
        "phone_numbers_customer_id_customers_id_fk": {
          "name": "phone_numbers_customer_id_customers_id_fk",
          "tableFrom": "phone_numbers",
          "tableTo": "customers",
          "columnsFrom": [
            "customer_id"
          ],
          "columnsTo": [
            "id"
          ],
          "onDelete": "no action",
          "onUpdate": "no action"
        }
      },
      "compositePrimaryKeys": {
        "phone_numbers_id": {
          "name": "phone_numbers_id",
          "columns": [
            "id"
          ]
        }
      },
      "uniqueConstraints": {}
    }
  },
  "_meta": {
    "schemas": {},
    "tables": {},
    "columns": {}
  },
  "internal": {
    "tables": {},
    "indexes": {}
  }
}